credit_score,ltv_pct,appraisal_value,loan_amount,down_payment_pct,interest_rate_bps,loan_term_months,dti_pct,income_monthly,hoa_fee
600,65,180000,117000,35,450,180,20,3500,
607,66,197000,130020,34,456,240,21,3750,0
614,67,214000,143380,33,462,300,22,4000,0
621,68,231000,157080,32,468,360,23,4250,50
628,69,248000,171120,31,474,180,24,4500,100
635,70,265000,185500,30,480,240,25,4750,150
642,71,282000,200220,29,486,300,26,5000,250
649,72,299000,215280,28,485,360,27,5250,350
656,73,316000,230680,27,491,180,28,5500,0
663,74,333000,246420,26,497,240,29,5750,0
670,75,350000,262500,25,503,300,30,6000,0
677,76,367000,278920,24,509,360,31,6250,50
684,77,384000,295680,23,515,180,32,6500,100
691,78,401000,312780,22,521,240,33,6750,150
698,79,418000,330220,21,520,300,34,7000,250
705,80,435000,348000,20,526,360,35,7250,350
712,81,452000,366120,19,532,180,36,7500,0
719,82,469000,384580,18,538,240,37,7750,0
726,83,486000,403380,17,544,300,38,8000,0
733,84,503000,422520,16,550,360,39,8250,50
740,85,520000,442000,15,556,180,40,8500,100
747,86,537000,461820,14,555,240,41,8750,150
754,87,554000,481980,13,561,300,42,9000,250
761,88,571000,502480,12,567,360,43,9250,350
768,89,588000,523320,11,573,180,44,9500,0
775,90,605000,544500,10,579,240,45,9750,0
782,91,622000,566020,9,585,300,46,10000,0
789,92,639000,587880,8,591,360,47,10250,50
796,93,656000,610080,7,590,180,48,10500,100
602,94,673000,632620,6,596,240,20,10750,150
609,95,690000,655500,5,602,300,21,11000,250
616,96,707000,678720,4,608,360,22,11250,350
623,97,724000,702280,3,614,180,23,11500,0
630,65,741000,481650,35,620,240,24,11750,0
637,66,758000,500280,34,626,300,25,12000,0
644,67,775000,519250,33,625,360,26,12250,50
651,68,792000,538560,32,631,180,27,12500,100
658,69,809000,558210,31,637,240,28,12750,150
665,70,826000,578200,30,643,300,29,13000,250
672,71,843000,598530,29,649,360,30,13250,350
679,72,860000,619200,28,655,180,31,13500,
686,73,877000,640210,27,661,240,32,13750,0
693,74,894000,661560,26,660,300,33,14000,0
700,75,911000,683250,25,666,360,34,14250,50
707,76,928000,705280,24,672,180,35,14500,100
714,77,945000,727650,23,678,240,36,14750,150
721,78,962000,750360,22,684,300,37,15000,250
728,79,979000,773410,21,690,360,38,15250,350
735,80,196000,156800,20,696,180,39,15500,0
742,81,213000,172530,19,695,240,40,15750,0
749,82,230000,188600,18,701,300,41,16000,0
756,83,247000,205010,17,707,360,42,16250,50
763,84,264000,221760,16,713,180,43,16500,100
770,85,281000,238850,15,719,240,44,16750,150
777,86,298000,256280,14,725,300,45,17000,250
784,87,315000,274050,13,731,360,46,17250,350
791,88,332000,292160,12,730,180,47,3500,0
798,89,349000,310610,11,736,240,48,3750,0
604,90,366000,329400,10,742,300,20,4000,0
611,91,383000,348530,9,748,360,21,4250,50
618,92,400000,368000,8,754,180,22,4500,100
625,93,417000,387810,7,760,240,23,4750,150
632,94,434000,407960,6,766,300,24,5000,250
639,95,451000,428450,5,765,360,25,5250,350
646,96,468000,449280,4,771,180,26,5500,0
653,97,485000,470450,3,777,240,27,5750,0
660,65,502000,326300,35,783,300,28,6000,0
667,66,519000,342540,34,789,360,29,6250,50
674,67,536000,359120,33,795,180,30,6500,100
681,68,553000,376040,32,451,240,31,6750,150
688,69,570000,393300,31,450,300,32,7000,250
695,70,587000,410900,30,456,360,33,7250,350
702,71,604000,428840,29,462,180,34,7500,0
709,72,621000,447120,28,468,240,35,7750,0
716,73,638000,465740,27,474,300,36,8000,0
723,74,655000,484700,26,480,360,37,8250,50
730,75,672000,504000,25,486,180,38,8500,100
737,76,689000,523640,24,485,240,39,8750,150
744,77,706000,543620,23,491,300,40,9000,250
751,78,723000,563940,22,497,360,41,9250,350
758,79,740000,584600,21,503,180,42,9500,
765,80,757000,605600,20,509,240,43,9750,0
772,81,774000,626940,19,515,300,44,10000,0
779,82,791000,648620,18,521,360,45,10250,50
786,83,808000,670640,17,520,180,46,10500,100
793,84,825000,693000,16,526,240,47,10750,150
800,85,842000,715700,15,532,300,48,11000,250
606,86,859000,738740,14,538,360,20,11250,350
613,87,876000,762120,13,544,180,21,11500,0
620,88,893000,785840,12,550,240,22,11750,0
627,89,910000,809900,11,556,300,23,12000,0
634,90,927000,834300,10,555,360,24,12250,50
641,91,944000,859040,9,561,180,25,12500,100
648,92,961000,884120,8,567,240,26,12750,150
655,93,978000,909540,7,573,300,27,13000,250
662,94,195000,183300,6,579,360,28,13250,350
669,95,212000,201400,5,585,180,29,13500,0
676,96,229000,219840,4,591,240,30,13750,0
683,97,246000,238620,3,590,300,31,14000,0
690,65,263000,170950,35,596,360,32,14250,50
697,66,280000,184800,34,602,180,33,14500,100
704,67,297000,198990,33,608,240,34,14750,150
711,68,314000,213520,32,614,300,35,15000,250
718,69,331000,228390,31,620,360,36,15250,350
725,70,348000,243600,30,626,180,37,15500,0
732,71,365000,259150,29,625,240,38,15750,0
739,72,382000,275040,28,631,300,39,16000,0
746,73,399000,291270,27,637,360,40,16250,50
753,74,416000,307840,26,643,180,41,16500,100
760,75,433000,324750,25,649,240,42,16750,150
767,76,450000,342000,24,655,300,43,17000,250
774,77,467000,359590,23,661,360,44,17250,350
781,78,484000,377520,22,660,180,45,3500,0
788,79,501000,395790,21,666,240,46,3750,0
795,80,518000,414400,20,672,300,47,4000,0
601,81,535000,433350,19,678,360,48,4250,50
608,82,552000,452640,18,684,180,20,4500,100
615,83,569000,472270,17,690,240,21,4750,150
622,84,586000,492240,16,696,300,22,5000,250
629,85,603000,512550,15,695,360,23,5250,350
636,86,620000,533200,14,701,180,24,5500,
643,87,637000,554190,13,707,240,25,5750,0
650,88,654000,575520,12,713,300,26,6000,0
657,89,671000,597190,11,719,360,27,6250,50
664,90,688000,619200,10,725,180,28,6500,100
671,91,705000,641550,9,731,240,29,6750,150
678,92,722000,664240,8,730,300,30,7000,250
685,93,739000,687270,7,736,360,31,7250,350
692,94,756000,710640,6,742,180,32,7500,0
699,95,773000,734350,5,748,240,33,7750,0
706,96,790000,758400,4,754,300,34,8000,0
713,97,807000,782790,3,760,360,35,8250,50
720,65,824000,535600,35,766,180,36,8500,100
727,66,841000,555060,34,765,240,37,8750,150
734,67,858000,574860,33,771,300,38,9000,250
741,68,875000,595000,32,777,360,39,9250,350
748,69,892000,615480,31,783,180,40,9500,0
755,70,909000,636300,30,789,240,41,9750,0
762,71,926000,657460,29,795,300,42,10000,0
769,72,943000,678960,28,451,360,43,10250,50
776,73,960000,700800,27,450,180,44,10500,100
783,74,977000,722980,26,456,240,45,10750,150
790,75,194000,145500,25,462,300,46,11000,250
797,76,211000,160360,24,468,360,47,11250,350
603,77,228000,175560,23,474,180,48,11500,0
610,78,245000,191100,22,480,240,20,11750,0
617,79,262000,206980,21,486,300,21,12000,0
624,80,279000,223200,20,485,360,22,12250,50
631,81,296000,239760,19,491,180,23,12500,100
638,82,313000,256660,18,497,240,24,12750,150
645,83,330000,273900,17,503,300,25,13000,250
652,84,347000,291480,16,509,360,26,13250,350
659,85,364000,309400,15,515,180,27,13500,0
666,86,381000,327660,14,521,240,28,13750,0
673,87,398000,346260,13,520,300,29,14000,0
680,88,415000,365200,12,526,360,30,14250,50
687,89,432000,384480,11,532,180,31,14500,100
694,90,449000,404100,10,538,240,32,14750,150
701,91,466000,424060,9,544,300,33,15000,250
708,92,483000,444360,8,550,360,34,15250,350
715,93,500000,465000,7,556,180,35,15500,
722,94,517000,485980,6,555,240,36,15750,0
729,95,534000,507300,5,561,300,37,16000,0
736,96,551000,528960,4,567,360,38,16250,50
743,97,568000,550960,3,573,180,39,16500,100
750,65,585000,380250,35,579,240,40,16750,150
757,66,602000,397320,34,585,300,41,17000,250
764,67,619000,414730,33,591,360,42,17250,350
771,68,636000,432480,32,590,180,43,3500,0
778,69,653000,450570,31,596,240,44,3750,0
785,70,670000,469000,30,602,300,45,4000,0
792,71,687000,487770,29,608,360,46,4250,50
799,72,704000,506880,28,614,180,47,4500,100
605,73,721000,526330,27,620,240,48,4750,150
612,74,738000,546120,26,626,300,20,5000,250
619,75,755000,566250,25,625,360,21,5250,350
626,76,772000,586720,24,631,180,22,5500,0
633,77,789000,607530,23,637,240,23,5750,0
640,78,806000,628680,22,643,300,24,6000,0
647,79,823000,650170,21,649,360,25,6250,50
654,80,840000,672000,20,655,180,26,6500,100
661,81,857000,694170,19,661,240,27,6750,150
668,82,874000,716680,18,660,300,28,7000,250
675,83,891000,739530,17,666,360,29,7250,350
682,84,908000,762720,16,672,180,30,7500,0
689,85,925000,786250,15,678,240,31,7750,0
696,86,942000,810120,14,684,300,32,8000,0
703,87,959000,834330,13,690,360,33,8250,50
710,88,976000,858880,12,696,180,34,8500,100
717,89,193000,171770,11,695,240,35,8750,150
724,90,210000,189000,10,701,300,36,9000,250
731,91,227000,206570,9,707,360,37,9250,350
738,92,244000,224480,8,713,180,38,9500,0
745,93,261000,242730,7,719,240,39,9750,0
752,94,278000,261320,6,725,300,40,10000,0
759,95,295000,280250,5,731,360,41,10250,50
766,96,312000,299520,4,730,180,42,10500,100
773,97,329000,319130,3,736,240,43,10750,150
780,65,346000,224900,35,742,300,44,11000,250
787,66,363000,239580,34,748,360,45,11250,350
794,67,380000,254600,33,754,180,46,11500,
600,68,397000,269960,32,760,240,47,11750,0
607,69,414000,285660,31,766,300,48,12000,0
614,70,431000,301700,30,765,360,20,12250,50
621,71,448000,318080,29,771,180,21,12500,100
628,72,465000,334800,28,777,240,22,12750,150
635,73,482000,351860,27,783,300,23,13000,250
642,74,499000,369260,26,789,360,24,13250,350
649,75,516000,387000,25,795,180,25,13500,0
656,76,533000,405080,24,451,240,26,13750,0
663,77,550000,423500,23,450,300,27,14000,0
670,78,567000,442260,22,456,360,28,14250,50
677,79,584000,461360,21,462,180,29,14500,100
684,80,601000,480800,20,468,240,30,14750,150
691,81,618000,500580,19,474,300,31,15000,250
698,82,635000,520700,18,480,360,32,15250,350
705,83,652000,541160,17,486,180,33,15500,0
712,84,669000,561960,16,485,240,34,15750,0
719,85,686000,583100,15,491,300,35,16000,0
726,86,703000,604580,14,497,360,36,16250,50
733,87,720000,626400,13,503,180,37,16500,100
740,88,737000,648560,12,509,240,38,16750,150
747,89,754000,671060,11,515,300,39,17000,250
754,90,771000,693900,10,521,360,40,17250,350
761,91,788000,717080,9,520,180,41,3500,0
768,92,805000,740600,8,526,240,42,3750,0
775,93,822000,764460,7,532,300,43,4000,0
782,94,839000,788660,6,538,360,44,4250,50
789,95,856000,813200,5,544,180,45,4500,100
796,96,873000,838080,4,550,240,46,4750,150
602,97,890000,863300,3,556,300,47,5000,250
609,65,907000,589550,35,555,360,48,5250,350
616,66,924000,609840,34,561,180,20,5500,0
623,67,941000,630470,33,567,240,21,5750,0
630,68,958000,651440,32,573,300,22,6000,0
637,69,975000,672750,31,579,360,23,6250,50
644,70,192000,134400,30,585,180,24,6500,100
651,71,209000,148390,29,591,240,25,6750,150
658,72,226000,162720,28,590,300,26,7000,250
665,73,243000,177390,27,596,360,27,7250,350
672,74,260000,192400,26,602,180,28,7500,
679,75,277000,207750,25,608,240,29,7750,0
686,76,294000,223440,24,614,300,30,8000,0
693,77,311000,239470,23,620,360,31,8250,50
700,78,328000,255840,22,626,180,32,8500,100
707,79,345000,272550,21,625,240,33,8750,150
714,80,362000,289600,20,631,300,34,9000,250
721,81,379000,306990,19,637,360,35,9250,350
728,82,396000,324720,18,643,180,36,9500,0
735,83,413000,342790,17,649,240,37,9750,0
742,84,430000,361200,16,655,300,38,10000,0
749,85,447000,379950,15,661,360,39,10250,50
756,86,464000,399040,14,660,180,40,10500,100
763,87,481000,418470,13,666,240,41,10750,150
770,88,498000,438240,12,672,300,42,11000,250
777,89,515000,458350,11,678,360,43,11250,350
784,90,532000,478800,10,684,180,44,11500,0
791,91,549000,499590,9,690,240,45,11750,0
798,92,566000,520720,8,696,300,46,12000,0
604,93,583000,542190,7,695,360,47,12250,50
611,94,600000,564000,6,701,180,48,12500,100
618,95,617000,586150,5,707,240,20,12750,150
625,96,634000,608640,4,713,300,21,13000,250
632,97,651000,631470,3,719,360,22,13250,350
639,65,668000,434200,35,725,180,23,13500,0
646,66,685000,452100,34,731,240,24,13750,0
653,67,702000,470340,33,730,300,25,14000,0
660,68,719000,488920,32,736,360,26,14250,50
667,69,736000,507840,31,742,180,27,14500,100
674,70,753000,527100,30,748,240,28,14750,150
681,71,770000,546700,29,754,300,29,15000,250
688,72,787000,566640,28,760,360,30,15250,350
695,73,804000,586920,27,766,180,31,15500,0
702,74,821000,607540,26,765,240,32,15750,0
709,75,838000,628500,25,771,300,33,16000,0
716,76,855000,649800,24,777,360,34,16250,50
723,77,872000,671440,23,783,180,35,16500,100
730,78,889000,693420,22,789,240,36,16750,150
737,79,906000,715740,21,795,300,37,17000,250
744,80,923000,738400,20,451,360,38,17250,350
751,81,940000,761400,19,450,180,39,3500,
758,82,957000,784740,18,456,240,40,3750,0
765,83,974000,808420,17,462,300,41,4000,0
772,84,191000,160440,16,468,360,42,4250,50
779,85,208000,176800,15,474,180,43,4500,100
786,86,225000,193500,14,480,240,44,4750,150
793,87,242000,210540,13,486,300,45,5000,250
800,88,259000,227920,12,485,360,46,5250,350
606,89,276000,245640,11,491,180,47,5500,0
613,90,293000,263700,10,497,240,48,5750,0
620,91,310000,282100,9,503,300,20,6000,0
627,92,327000,300840,8,509,360,21,6250,50
634,93,344000,319920,7,515,180,22,6500,100
641,94,361000,339340,6,521,240,23,6750,150
648,95,378000,359100,5,520,300,24,7000,250
655,96,395000,379200,4,526,360,25,7250,350
662,97,412000,399640,3,532,180,26,7500,0
669,65,429000,278850,35,538,240,27,7750,0
676,66,446000,294360,34,544,300,28,8000,0
683,67,463000,310210,33,550,360,29,8250,50
690,68,480000,326400,32,556,180,30,8500,100
697,69,497000,342930,31,555,240,31,8750,150
704,70,514000,359800,30,561,300,32,9000,250
711,71,531000,377010,29,567,360,33,9250,350
718,72,548000,394560,28,573,180,34,9500,0
725,73,565000,412450,27,579,240,35,9750,0
732,74,582000,430680,26,585,300,36,10000,0
739,75,599000,449250,25,591,360,37,10250,50
746,76,616000,468160,24,590,180,38,10500,100
753,77,633000,487410,23,596,240,39,10750,150
760,78,650000,507000,22,602,300,40,11000,250
767,79,667000,526930,21,608,360,41,11250,350
774,80,684000,547200,20,614,180,42,11500,0
781,81,701000,567810,19,620,240,43,11750,0
788,82,718000,588760,18,626,300,44,12000,0
795,83,735000,610050,17,625,360,45,12250,50
601,84,752000,631680,16,631,180,46,12500,100
608,85,769000,653650,15,637,240,47,12750,150
615,86,786000,675960,14,643,300,48,13000,250
622,87,803000,698610,13,649,360,20,13250,350
629,88,820000,721600,12,655,180,21,13500,
636,89,837000,744930,11,661,240,22,13750,0
643,90,854000,768600,10,660,300,23,14000,0
650,91,871000,792610,9,666,360,24,14250,50
657,92,888000,816960,8,672,180,25,14500,100
664,93,905000,841650,7,678,240,26,14750,150
671,94,922000,866680,6,684,300,27,15000,250
678,95,939000,892050,5,690,360,28,15250,350
685,96,956000,917760,4,696,180,29,15500,0
692,97,973000,943810,3,695,240,30,15750,0
699,65,190000,123500,35,701,300,31,16000,0
706,66,207000,136620,34,707,360,32,16250,50
713,67,224000,150080,33,713,180,33,16500,100
720,68,241000,163880,32,719,240,34,16750,150
727,69,258000,178020,31,725,300,35,17000,250
734,70,275000,192500,30,731,360,36,17250,350
741,71,292000,207320,29,730,180,37,3500,0
748,72,309000,222480,28,736,240,38,3750,0
755,73,326000,237980,27,742,300,39,4000,0
762,74,343000,253820,26,748,360,40,4250,50
769,75,360000,270000,25,754,180,41,4500,100
776,76,377000,286520,24,760,240,42,4750,150
783,77,394000,303380,23,766,300,43,5000,250
790,78,411000,320580,22,765,360,44,5250,350
797,79,428000,338120,21,771,180,45,5500,0
603,80,445000,356000,20,777,240,46,5750,0
610,81,462000,374220,19,783,300,47,6000,0
617,82,479000,392780,18,789,360,48,6250,50
624,83,496000,411680,17,795,180,20,6500,100
631,84,513000,430920,16,451,240,21,6750,150
638,85,530000,450500,15,450,300,22,7000,250
645,86,547000,470420,14,456,360,23,7250,350
652,87,564000,490680,13,462,180,24,7500,0
659,88,581000,511280,12,468,240,25,7750,0
666,89,598000,532220,11,474,300,26,8000,0
673,90,615000,553500,10,480,360,27,8250,50
680,91,632000,575120,9,486,180,28,8500,100
687,92,649000,597080,8,485,240,29,8750,150
694,93,666000,619380,7,491,300,30,9000,250
701,94,683000,642020,6,497,360,31,9250,350
708,95,700000,665000,5,503,180,32,9500,
715,96,717000,688320,4,509,240,33,9750,0
722,97,734000,711980,3,515,300,34,10000,0
729,65,751000,488150,35,521,360,35,10250,50
736,66,768000,506880,34,520,180,36,10500,100
743,67,785000,525950,33,526,240,37,10750,150
750,68,802000,545360,32,532,300,38,11000,250
757,69,819000,565110,31,538,360,39,11250,350
764,70,836000,585200,30,544,180,40,11500,0
771,71,853000,605630,29,550,240,41,11750,0
778,72,870000,626400,28,556,300,42,12000,0
785,73,887000,647510,27,555,360,43,12250,50
792,74,904000,668960,26,561,180,44,12500,100
799,75,921000,690750,25,567,240,45,12750,150
605,76,938000,712880,24,573,300,46,13000,250
612,77,955000,735350,23,579,360,47,13250,350
619,78,972000,758160,22,585,180,48,13500,0
626,79,189000,149310,21,591,240,20,13750,0
633,80,206000,164800,20,590,300,21,14000,0
640,81,223000,180630,19,596,360,22,14250,50
647,82,240000,196800,18,602,180,23,14500,100
654,83,257000,213310,17,608,240,24,14750,150
661,84,274000,230160,16,614,300,25,15000,250
668,85,291000,247350,15,620,360,26,15250,350
675,86,308000,264880,14,626,180,27,15500,0
682,87,325000,282750,13,625,240,28,15750,0
689,88,342000,300960,12,631,300,29,16000,0
696,89,359000,319510,11,637,360,30,16250,50
703,90,376000,338400,10,643,180,31,16500,100
710,91,393000,357630,9,649,240,32,16750,150
717,92,410000,377200,8,655,300,33,17000,250
724,93,427000,397110,7,661,360,34,17250,350
731,94,444000,417360,6,660,180,35,3500,0
738,95,461000,437950,5,666,240,36,3750,0
745,96,478000,458880,4,672,300,37,4000,0
752,97,495000,480150,3,678,360,38,4250,50
759,65,512000,332800,35,684,180,39,4500,100
766,66,529000,349140,34,690,240,40,4750,150
773,67,546000,365820,33,696,300,41,5000,250
780,68,563000,382840,32,695,360,42,5250,350
787,69,580000,400200,31,701,180,43,5500,
794,70,597000,417900,30,707,240,44,5750,0
600,71,614000,435940,29,713,300,45,6000,0
607,72,631000,454320,28,719,360,46,6250,50
614,73,648000,473040,27,725,180,47,6500,100
621,74,665000,492100,26,731,240,48,6750,150
628,75,682000,511500,25,730,300,20,7000,250
635,76,699000,531240,24,736,360,21,7250,350
642,77,716000,551320,23,742,180,22,7500,0
649,78,733000,571740,22,748,240,23,7750,0
656,79,750000,592500,21,754,300,24,8000,0
663,80,767000,613600,20,760,360,25,8250,50
670,81,784000,635040,19,766,180,26,8500,100
677,82,801000,656820,18,765,240,27,8750,150
684,83,818000,678940,17,771,300,28,9000,250
691,84,835000,701400,16,777,360,29,9250,350
698,85,852000,724200,15,783,180,30,9500,0
705,86,869000,747340,14,789,240,31,9750,0
712,87,886000,770820,13,795,300,32,10000,0
719,88,903000,794640,12,451,360,33,10250,50
726,89,920000,818800,11,450,180,34,10500,100
733,90,937000,843300,10,456,240,35,10750,150
740,91,954000,868140,9,462,300,36,11000,250
747,92,971000,893320,8,468,360,37,11250,350
754,93,188000,174840,7,474,180,38,11500,0
761,94,205000,192700,6,480,240,39,11750,0
768,95,222000,210900,5,486,300,40,12000,0
775,96,239000,229440,4,485,360,41,12250,50
782,97,256000,248320,3,491,180,42,12500,100
789,65,273000,177450,35,497,240,43,12750,150
796,66,290000,191400,34,503,300,44,13000,250
602,67,307000,205690,33,509,360,45,13250,350
609,68,324000,220320,32,515,180,46,13500,0
616,69,341000,235290,31,521,240,47,13750,0
623,70,358000,250600,30,520,300,48,14000,0
630,71,375000,266250,29,526,360,20,14250,50
637,72,392000,282240,28,532,180,21,14500,100
644,73,409000,298570,27,538,240,22,14750,150
651,74,426000,315240,26,544,300,23,15000,250
658,75,443000,332250,25,550,360,24,15250,350
665,76,460000,349600,24,556,180,25,15500,
672,77,477000,367290,23,555,240,26,15750,0
679,78,494000,385320,22,561,300,27,16000,0
686,79,511000,403690,21,567,360,28,16250,50
693,80,528000,422400,20,573,180,29,16500,100
700,81,545000,441450,19,579,240,30,16750,150
707,82,562000,460840,18,585,300,31,17000,250
714,83,579000,480570,17,591,360,32,17250,350
721,84,596000,500640,16,590,180,33,3500,0
728,85,613000,521050,15,596,240,34,3750,0
735,86,630000,541800,14,602,300,35,4000,0
742,87,647000,562890,13,608,360,36,4250,50
749,88,664000,584320,12,614,180,37,4500,100
756,89,681000,606090,11,620,240,38,4750,150
763,90,698000,628200,10,626,300,39,5000,250
770,91,715000,650650,9,625,360,40,5250,350
777,92,732000,673440,8,631,180,41,5500,0
784,93,749000,696570,7,637,240,42,5750,0
791,94,766000,720040,6,643,300,43,6000,0
798,95,783000,743850,5,649,360,44,6250,50
604,96,800000,768000,4,655,180,45,6500,100
611,97,817000,792490,3,661,240,46,6750,150
618,65,834000,542100,35,660,300,47,7000,250
625,66,851000,561660,34,666,360,48,7250,350
632,67,868000,581560,33,672,180,20,7500,0
639,68,885000,601800,32,678,240,21,7750,0
646,69,902000,622380,31,684,300,22,8000,0
653,70,919000,643300,30,690,360,23,8250,50
660,71,936000,664560,29,696,180,24,8500,100
667,72,953000,686160,28,695,240,25,8750,150
674,73,970000,708100,27,701,300,26,9000,250
681,74,187000,138380,26,707,360,27,9250,350
688,75,204000,153000,25,713,180,28,9500,0
695,76,221000,167960,24,719,240,29,9750,0
702,77,238000,183260,23,725,300,30,10000,0
709,78,255000,198900,22,731,360,31,10250,50
716,79,272000,214880,21,730,180,32,10500,100
723,80,289000,231200,20,736,240,33,10750,150
730,81,306000,247860,19,742,300,34,11000,250
737,82,323000,264860,18,748,360,35,11250,350
744,83,340000,282200,17,754,180,36,11500,
751,84,357000,299880,16,760,240,37,11750,0
758,85,374000,317900,15,766,300,38,12000,0
765,86,391000,336260,14,765,360,39,12250,50
772,87,408000,354960,13,771,180,40,12500,100
779,88,425000,374000,12,777,240,41,12750,150
786,89,442000,393380,11,783,300,42,13000,250
793,90,459000,413100,10,789,360,43,13250,350
800,91,476000,433160,9,795,180,44,13500,0
606,92,493000,453560,8,451,240,45,13750,0
613,93,510000,474300,7,450,300,46,14000,0
620,94,527000,495380,6,456,360,47,14250,50
627,95,544000,516800,5,462,180,48,14500,100
634,96,561000,538560,4,468,240,20,14750,150
641,97,578000,560660,3,474,300,21,15000,250
648,65,595000,386750,35,480,360,22,15250,350
655,66,612000,403920,34,486,180,23,15500,0
662,67,629000,421430,33,485,240,24,15750,0
669,68,646000,439280,32,491,300,25,16000,0
676,69,663000,457470,31,497,360,26,16250,50
683,70,680000,476000,30,503,180,27,16500,100
690,71,697000,494870,29,509,240,28,16750,150
697,72,714000,514080,28,515,300,29,17000,250
704,73,731000,533630,27,521,360,30,17250,350
711,74,748000,553520,26,520,180,31,3500,0
718,75,765000,573750,25,526,240,32,3750,0
725,76,782000,594320,24,532,300,33,4000,0
732,77,799000,615230,23,538,360,34,4250,50
739,78,816000,636480,22,544,180,35,4500,100
746,79,833000,658070,21,550,240,36,4750,150
753,80,850000,680000,20,556,300,37,5000,250
760,81,867000,702270,19,555,360,38,5250,350
767,82,884000,724880,18,561,180,39,5500,0
774,83,901000,747830,17,567,240,40,5750,0
781,84,918000,771120,16,573,300,41,6000,0
788,85,935000,794750,15,579,360,42,6250,50
795,86,952000,818720,14,585,180,43,6500,100
601,87,969000,843030,13,591,240,44,6750,150
608,88,186000,163680,12,590,300,45,7000,250
615,89,203000,180670,11,596,360,46,7250,350
622,90,220000,198000,10,602,180,47,7500,
629,91,237000,215670,9,608,240,48,7750,0
636,92,254000,233680,8,614,300,20,8000,0
643,93,271000,252030,7,620,360,21,8250,50
650,94,288000,270720,6,626,180,22,8500,100
657,95,305000,289750,5,625,240,23,8750,150
664,96,322000,309120,4,631,300,24,9000,250
671,97,339000,328830,3,637,360,25,9250,350
678,65,356000,231400,35,643,180,26,9500,0
685,66,373000,246180,34,649,240,27,9750,0
692,67,390000,261300,33,655,300,28,10000,0
699,68,407000,276760,32,661,360,29,10250,50
706,69,424000,292560,31,660,180,30,10500,100
713,70,441000,308700,30,666,240,31,10750,150
720,71,458000,325180,29,672,300,32,11000,250
727,72,475000,342000,28,678,360,33,11250,350
734,73,492000,359160,27,684,180,34,11500,0
741,74,509000,376660,26,690,240,35,11750,0
748,75,526000,394500,25,696,300,36,12000,0
755,76,543000,412680,24,695,360,37,12250,50
762,77,560000,431200,23,701,180,38,12500,100
769,78,577000,450060,22,707,240,39,12750,150
776,79,594000,469260,21,713,300,40,13000,250
783,80,611000,488800,20,719,360,41,13250,350
790,81,628000,508680,19,725,180,42,13500,0
797,82,645000,528900,18,731,240,43,13750,0
603,83,662000,549460,17,730,300,44,14000,0
610,84,679000,570360,16,736,360,45,14250,50
617,85,696000,591600,15,742,180,46,14500,100
624,86,713000,613180,14,748,240,47,14750,150
631,87,730000,635100,13,754,300,48,15000,250
638,88,747000,657360,12,760,360,20,15250,350
645,89,764000,679960,11,766,180,21,15500,0
652,90,781000,702900,10,765,240,22,15750,0
659,91,798000,726180,9,771,300,23,16000,0
666,92,815000,749800,8,777,360,24,16250,50
673,93,832000,773760,7,783,180,25,16500,100
680,94,849000,798060,6,789,240,26,16750,150
687,95,866000,822700,5,795,300,27,17000,250
694,96,883000,847680,4,451,360,28,17250,350
701,97,900000,873000,3,450,180,29,3500,
708,65,917000,596050,35,456,240,30,3750,0
715,66,934000,616440,34,462,300,31,4000,0
722,67,951000,637170,33,468,360,32,4250,50
729,68,968000,658240,32,474,180,33,4500,100
736,69,185000,127650,31,480,240,34,4750,150
743,70,202000,141400,30,486,300,35,5000,250
750,71,219000,155490,29,485,360,36,5250,350
757,72,236000,169920,28,491,180,37,5500,0
764,73,253000,184690,27,497,240,38,5750,0
771,74,270000,199800,26,503,300,39,6000,0
778,75,287000,215250,25,509,360,40,6250,50
785,76,304000,231040,24,515,180,41,6500,100
792,77,321000,247170,23,521,240,42,6750,150
799,78,338000,263640,22,520,300,43,7000,250
605,79,355000,280450,21,526,360,44,7250,350
612,80,372000,297600,20,532,180,45,7500,0
619,81,389000,315090,19,538,240,46,7750,0
626,82,406000,332920,18,544,300,47,8000,0
633,83,423000,351090,17,550,360,48,8250,50
640,84,440000,369600,16,556,180,20,8500,100
647,85,457000,388450,15,555,240,21,8750,150
654,86,474000,407640,14,561,300,22,9000,250
661,87,491000,427170,13,567,360,23,9250,350
668,88,508000,447040,12,573,180,24,9500,0
675,89,525000,467250,11,579,240,25,9750,0
682,90,542000,487800,10,585,300,26,10000,0
689,91,559000,508690,9,591,360,27,10250,50
696,92,576000,529920,8,590,180,28,10500,100
703,93,593000,551490,7,596,240,29,10750,150
710,94,610000,573400,6,602,300,30,11000,250
717,95,627000,595650,5,608,360,31,11250,350
724,96,644000,618240,4,614,180,32,11500,0
731,97,661000,641170,3,620,240,33,11750,0
738,65,678000,440700,35,626,300,34,12000,0
745,66,695000,458700,34,625,360,35,12250,50
752,67,712000,477040,33,631,180,36,12500,100
759,68,729000,495720,32,637,240,37,12750,150
766,69,746000,514740,31,643,300,38,13000,250
773,70,763000,534100,30,649,360,39,13250,350
780,71,780000,553800,29,655,180,40,13500,
787,72,797000,573840,28,661,240,41,13750,0
794,73,814000,594220,27,660,300,42,14000,0
600,74,831000,614940,26,666,360,43,14250,50
607,75,848000,636000,25,672,180,44,14500,100
614,76,865000,657400,24,678,240,45,14750,150
621,77,882000,679140,23,684,300,46,15000,250
628,78,899000,701220,22,690,360,47,15250,350
635,79,916000,723640,21,696,180,48,15500,0
642,80,933000,746400,20,695,240,20,15750,0
649,81,950000,769500,19,701,300,21,16000,0
656,82,967000,792940,18,707,360,22,16250,50
663,83,184000,152720,17,713,180,23,16500,100
670,84,201000,168840,16,719,240,24,16750,150
677,85,218000,185300,15,725,300,25,17000,250
684,86,235000,202100,14,731,360,26,17250,350
691,87,252000,219240,13,730,180,27,3500,0
698,88,269000,236720,12,736,240,28,3750,0
705,89,286000,254540,11,742,300,29,4000,0
712,90,303000,272700,10,748,360,30,4250,50
719,91,320000,291200,9,754,180,31,4500,100
726,92,337000,310040,8,760,240,32,4750,150
733,93,354000,329220,7,766,300,33,5000,250
740,94,371000,348740,6,765,360,34,5250,350
747,95,388000,368600,5,771,180,35,5500,0
754,96,405000,388800,4,777,240,36,5750,0
761,97,422000,409340,3,783,300,37,6000,0
768,65,439000,285350,35,789,360,38,6250,50
775,66,456000,300960,34,795,180,39,6500,100
782,67,473000,316910,33,451,240,40,6750,150
789,68,490000,333200,32,450,300,41,7000,250
796,69,507000,349830,31,456,360,42,7250,350
602,70,524000,366800,30,462,180,43,7500,0
609,71,541000,384110,29,468,240,44,7750,0
616,72,558000,401760,28,474,300,45,8000,0
623,73,575000,419750,27,480,360,46,8250,50
630,74,592000,438080,26,486,180,47,8500,100
637,75,609000,456750,25,485,240,48,8750,150
644,76,626000,475760,24,491,300,20,9000,250
651,77,643000,495110,23,497,360,21,9250,350
658,78,660000,514800,22,503,180,22,9500,
665,79,677000,534830,21,509,240,23,9750,0
672,80,694000,555200,20,515,300,24,10000,0
679,81,711000,575910,19,521,360,25,10250,50
686,82,728000,596960,18,520,180,26,10500,100
693,83,745000,618350,17,526,240,27,10750,150
700,84,762000,640080,16,532,300,28,11000,250
707,85,779000,662150,15,538,360,29,11250,350
714,86,796000,684560,14,544,180,30,11500,0
721,87,813000,707310,13,550,240,31,11750,0
728,88,830000,730400,12,556,300,32,12000,0
735,89,847000,753830,11,555,360,33,12250,50
742,90,864000,777600,10,561,180,34,12500,100
749,91,881000,801710,9,567,240,35,12750,150
756,92,898000,826160,8,573,300,36,13000,250
763,93,915000,850950,7,579,360,37,13250,350
770,94,932000,876080,6,585,180,38,13500,0
777,95,949000,901550,5,591,240,39,13750,0
784,96,966000,927360,4,590,300,40,14000,0
791,97,183000,177510,3,596,360,41,14250,50
798,65,200000,130000,35,602,180,42,14500,100
604,66,217000,143220,34,608,240,43,14750,150
611,67,234000,156780,33,614,300,44,15000,250
618,68,251000,170680,32,620,360,45,15250,350
625,69,268000,184920,31,626,180,46,15500,0
632,70,285000,199500,30,625,240,47,15750,0
639,71,302000,214420,29,631,300,48,16000,0
646,72,319000,229680,28,637,360,20,16250,50
653,73,336000,245280,27,643,180,21,16500,100
660,74,353000,261220,26,649,240,22,16750,150
667,75,370000,277500,25,655,300,23,17000,250
674,76,387000,294120,24,661,360,24,17250,350
681,77,404000,311080,23,660,180,25,3500,0
688,78,421000,328380,22,666,240,26,3750,0
695,79,438000,346020,21,672,300,27,4000,0
702,80,455000,364000,20,678,360,28,4250,50
709,81,472000,382320,19,684,180,29,4500,100
716,82,489000,400980,18,690,240,30,4750,150
723,83,506000,419980,17,696,300,31,5000,250
730,84,523000,439320,16,695,360,32,5250,350
737,85,540000,459000,15,701,180,33,5500,
744,86,557000,479020,14,707,240,34,5750,0
751,87,574000,499380,13,713,300,35,6000,0
758,88,591000,520080,12,719,360,36,6250,50
765,89,608000,541120,11,725,180,37,6500,100
772,90,625000,562500,10,731,240,38,6750,150
779,91,642000,584220,9,730,300,39,7000,250
786,92,659000,606280,8,736,360,40,7250,350
793,93,676000,628680,7,742,180,41,7500,0
800,94,693000,651420,6,748,240,42,7750,0
606,95,710000,674500,5,754,300,43,8000,0
613,96,727000,697920,4,760,360,44,8250,50
620,97,744000,721680,3,766,180,45,8500,100
627,65,761000,494650,35,765,240,46,8750,150
634,66,778000,513480,34,771,300,47,9000,250
641,67,795000,532650,33,777,360,48,9250,350
648,68,812000,552160,32,783,180,20,9500,0
655,69,829000,572010,31,789,240,21,9750,0
662,70,846000,592200,30,795,300,22,10000,0
669,71,863000,612730,29,451,360,23,10250,50
676,72,880000,633600,28,450,180,24,10500,100
683,73,897000,654810,27,456,240,25,10750,150
690,74,914000,676360,26,462,300,26,11000,250
697,75,931000,698250,25,468,360,27,11250,350
704,76,948000,720480,24,474,180,28,11500,0
711,77,965000,743050,23,480,240,29,11750,0
718,78,182000,141960,22,486,300,30,12000,0
725,79,199000,157210,21,485,360,31,12250,50
732,80,216000,172800,20,491,180,32,12500,100
739,81,233000,188730,19,497,240,33,12750,150
746,82,250000,205000,18,503,300,34,13000,250
753,83,267000,221610,17,509,360,35,13250,350
760,84,284000,238560,16,515,180,36,13500,0
767,85,301000,255850,15,521,240,37,13750,0
774,86,318000,273480,14,520,300,38,14000,0
781,87,335000,291450,13,526,360,39,14250,50
788,88,352000,309760,12,532,180,40,14500,100
795,89,369000,328410,11,538,240,41,14750,150
601,90,386000,347400,10,544,300,42,15000,250
608,91,403000,366730,9,550,360,43,15250,350
615,92,420000,386400,8,556,180,44,15500,
622,93,437000,406410,7,555,240,45,15750,0
629,94,454000,426760,6,561,300,46,16000,0
636,95,471000,447450,5,567,360,47,16250,50
643,96,488000,468480,4,573,180,48,16500,100
650,97,505000,489850,3,579,240,20,16750,150
657,65,522000,339300,35,585,300,21,17000,250
664,66,539000,355740,34,591,360,22,17250,350
671,67,556000,372520,33,590,180,23,3500,0
678,68,573000,389640,32,596,240,24,3750,0
685,69,590000,407100,31,602,300,25,4000,0
692,70,607000,424900,30,608,360,26,4250,50
699,71,624000,443040,29,614,180,27,4500,100
706,72,641000,461520,28,620,240,28,4750,150
713,73,658000,480340,27,626,300,29,5000,250
720,74,675000,499500,26,625,360,30,5250,350
727,75,692000,519000,25,631,180,31,5500,0
734,76,709000,538840,24,637,240,32,5750,0
741,77,726000,559020,23,643,300,33,6000,0
748,78,743000,579540,22,649,360,34,6250,50
755,79,760000,600400,21,655,180,35,6500,100
762,80,777000,621600,20,661,240,36,6750,150
769,81,794000,643140,19,660,300,37,7000,250
776,82,811000,665020,18,666,360,38,7250,350
783,83,828000,687240,17,672,180,39,7500,0
790,84,845000,709800,16,678,240,40,7750,0
797,85,862000,732700,15,684,300,41,8000,0
603,86,879000,755940,14,690,360,42,8250,50
610,87,896000,779520,13,696,180,43,8500,100
617,88,913000,803440,12,695,240,44,8750,150
624,89,930000,827700,11,701,300,45,9000,250
631,90,947000,852300,10,707,360,46,9250,350
638,91,964000,877240,9,713,180,47,9500,0
645,92,181000,166520,8,719,240,48,9750,0
652,93,198000,184140,7,725,300,20,10000,0
659,94,215000,202100,6,731,360,21,10250,50
666,95,232000,220400,5,730,180,22,10500,100
673,96,249000,239040,4,736,240,23,10750,150
680,97,266000,258020,3,742,300,24,11000,250
687,65,283000,183950,35,748,360,25,11250,350
694,66,300000,198000,34,754,180,26,11500,
701,67,317000,212390,33,760,240,27,11750,0
708,68,334000,227120,32,766,300,28,12000,0
715,69,351000,242190,31,765,360,29,12250,50
722,70,368000,257600,30,771,180,30,12500,100
729,71,385000,273350,29,777,240,31,12750,150
736,72,402000,289440,28,783,300,32,13000,250
743,73,419000,305870,27,789,360,33,13250,350
750,74,436000,322640,26,795,180,34,13500,0
757,75,453000,339750,25,451,240,35,13750,0
764,76,470000,357200,24,450,300,36,14000,0
771,77,487000,374990,23,456,360,37,14250,50
778,78,504000,393120,22,462,180,38,14500,100
785,79,521000,411590,21,468,240,39,14750,150
792,80,538000,430400,20,474,300,40,15000,250
799,81,555000,449550,19,480,360,41,15250,350
605,82,572000,469040,18,486,180,42,15500,0
612,83,589000,488870,17,485,240,43,15750,0
619,84,606000,509040,16,491,300,44,16000,0
626,85,623000,529550,15,497,360,45,16250,50
633,86,640000,550400,14,503,180,46,16500,100
640,87,657000,571590,13,509,240,47,16750,150
647,88,674000,593120,12,515,300,48,17000,250
654,89,691000,614990,11,521,360,20,17250,350
661,90,708000,637200,10,520,180,21,3500,0
668,91,725000,659750,9,526,240,22,3750,0
675,92,742000,682640,8,532,300,23,4000,0
682,93,759000,705870,7,538,360,24,4250,50
689,94,776000,729440,6,544,180,25,4500,100
696,95,793000,753350,5,550,240,26,4750,150
703,96,810000,777600,4,556,300,27,5000,250
710,97,827000,802190,3,555,360,28,5250,350
717,65,844000,548600,35,561,180,29,5500,0
724,66,861000,568260,34,567,240,30,5750,0
731,67,878000,588260,33,573,300,31,6000,0
738,68,895000,608600,32,579,360,32,6250,50
745,69,912000,629280,31,585,180,33,6500,100
752,70,929000,650300,30,591,240,34,6750,150
759,71,946000,671660,29,590,300,35,7000,250
766,72,963000,693360,28,596,360,36,7250,350
773,73,180000,131400,27,602,180,37,7500,
780,74,197000,145780,26,608,240,38,7750,0
787,75,214000,160500,25,614,300,39,8000,0
794,76,231000,175560,24,620,360,40,8250,50
600,77,248000,190960,23,626,180,41,8500,100
607,78,265000,206700,22,625,240,42,8750,150
614,79,282000,222780,21,631,300,43,9000,250
621,80,299000,239200,20,637,360,44,9250,350
628,81,316000,255960,19,643,180,45,9500,0
635,82,333000,273060,18,649,240,46,9750,0
642,83,350000,290500,17,655,300,47,10000,0
649,84,367000,308280,16,661,360,48,10250,50
656,85,384000,326400,15,660,180,20,10500,100
663,86,401000,344860,14,666,240,21,10750,150
670,87,418000,363660,13,672,300,22,11000,250
677,88,435000,382800,12,678,360,23,11250,350
684,89,452000,402280,11,684,180,24,11500,0
691,90,469000,422100,10,690,240,25,11750,0
698,91,486000,442260,9,696,300,26,12000,0
705,92,503000,462760,8,695,360,27,12250,50
712,93,520000,483600,7,701,180,28,12500,100
719,94,537000,504780,6,707,240,29,12750,150
726,95,554000,526300,5,713,300,30,13000,250
733,96,571000,548160,4,719,360,31,13250,350
740,97,588000,570360,3,725,180,32,13500,0
747,65,605000,393250,35,731,240,33,13750,0
754,66,622000,410520,34,730,300,34,14000,0
761,67,639000,428130,33,736,360,35,14250,50
768,68,656000,446080,32,742,180,36,14500,100
775,69,673000,464370,31,748,240,37,14750,150
782,70,690000,483000,30,754,300,38,15000,250
789,71,707000,501970,29,760,360,39,15250,350
796,72,724000,521280,28,766,180,40,15500,0
602,73,741000,540930,27,765,240,41,15750,0
609,74,758000,560920,26,771,300,42,16000,0
616,75,775000,581250,25,777,360,43,16250,50
623,76,792000,601920,24,783,180,44,16500,100
630,77,809000,622930,23,789,240,45,16750,150
637,78,826000,644280,22,795,300,46,17000,250
644,79,843000,665970,21,451,360,47,17250,350
651,80,860000,688000,20,450,180,48,3500,
658,81,877000,710370,19,456,240,20,3750,0
665,82,894000,733080,18,462,300,21,4000,0
672,83,911000,756130,17,468,360,22,4250,50
679,84,928000,779520,16,474,180,23,4500,100
686,85,945000,803250,15,480,240,24,4750,150
693,86,962000,827320,14,486,300,25,5000,250
700,87,979000,851730,13,485,360,26,5250,350
707,88,196000,172480,12,491,180,27,5500,0
714,89,213000,189570,11,497,240,28,5750,0
721,90,230000,207000,10,503,300,29,6000,0
728,91,247000,224770,9,509,360,30,6250,50
735,92,264000,242880,8,515,180,31,6500,100
742,93,281000,261330,7,521,240,32,6750,150
749,94,298000,280120,6,520,300,33,7000,250
756,95,315000,299250,5,526,360,34,7250,350
763,96,332000,318720,4,532,180,35,7500,0
770,97,349000,338530,3,538,240,36,7750,0
777,65,366000,237900,35,544,300,37,8000,0
784,66,383000,252780,34,550,360,38,8250,50
791,67,400000,268000,33,556,180,39,8500,100
798,68,417000,283560,32,555,240,40,8750,150
604,69,434000,299460,31,561,300,41,9000,250
611,70,451000,315700,30,567,360,42,9250,350
618,71,468000,332280,29,573,180,43,9500,0
625,72,485000,349200,28,579,240,44,9750,0
632,73,502000,366460,27,585,300,45,10000,0
639,74,519000,384060,26,591,360,46,10250,50
646,75,536000,402000,25,590,180,47,10500,100
653,76,553000,420280,24,596,240,48,10750,150
660,77,570000,438900,23,602,300,20,11000,250
667,78,587000,457860,22,608,360,21,11250,350
674,79,604000,477160,21,614,180,22,11500,0
681,80,621000,496800,20,620,240,23,11750,0
688,81,638000,516780,19,626,300,24,12000,0
695,82,655000,537100,18,625,360,25,12250,50
702,83,672000,557760,17,631,180,26,12500,100
709,84,689000,578760,16,637,240,27,12750,150
716,85,706000,600100,15,643,300,28,13000,250
723,86,723000,621780,14,649,360,29,13250,350
730,87,740000,643800,13,655,180,30,13500,
737,88,757000,666160,12,661,240,31,13750,0
744,89,774000,688860,11,660,300,32,14000,0
751,90,791000,711900,10,666,360,33,14250,50
758,91,808000,735280,9,672,180,34,14500,100
765,92,825000,759000,8,678,240,35,14750,150
772,93,842000,783060,7,684,300,36,15000,250
779,94,859000,807460,6,690,360,37,15250,350
786,95,876000,832200,5,696,180,38,15500,0
793,96,893000,857280,4,695,240,39,15750,0
800,97,910000,882700,3,701,300,40,16000,0
606,65,927000,602550,35,707,360,41,16250,50
613,66,944000,623040,34,713,180,42,16500,100
620,67,961000,643870,33,719,240,43,16750,150
627,68,978000,665040,32,725,300,44,17000,250
634,69,195000,134550,31,731,360,45,17250,350
641,70,212000,148400,30,730,180,46,3500,0
648,71,229000,162590,29,736,240,47,3750,0
655,72,246000,177120,28,742,300,48,4000,0
662,73,263000,191990,27,748,360,20,4250,50
669,74,280000,207200,26,754,180,21,4500,100
676,75,297000,222750,25,760,240,22,4750,150
683,76,314000,238640,24,766,300,23,5000,250
690,77,331000,254870,23,765,360,24,5250,350
697,78,348000,271440,22,771,180,25,5500,0
704,79,365000,288350,21,777,240,26,5750,0
711,80,382000,305600,20,783,300,27,6000,0
718,81,399000,323190,19,789,360,28,6250,50
725,82,416000,341120,18,795,180,29,6500,100
732,83,433000,359390,17,451,240,30,6750,150
739,84,450000,378000,16,450,300,31,7000,250
746,85,467000,396950,15,456,360,32,7250,350
753,86,484000,416240,14,462,180,33,7500,0
760,87,501000,435870,13,468,240,34,7750,0
767,88,518000,455840,12,474,300,35,8000,0
774,89,535000,476150,11,480,360,36,8250,50
781,90,552000,496800,10,486,180,37,8500,100
788,91,569000,517790,9,485,240,38,8750,150
795,92,586000,539120,8,491,300,39,9000,250
601,93,603000,560790,7,497,360,40,9250,350
608,94,620000,582800,6,503,180,41,9500,
615,95,637000,605150,5,509,240,42,9750,0
622,96,654000,627840,4,515,300,43,10000,0
629,97,671000,650870,3,521,360,44,10250,50
636,65,688000,447200,35,520,180,45,10500,100
643,66,705000,465300,34,526,240,46,10750,150
650,67,722000,483740,33,532,300,47,11000,250
657,68,739000,502520,32,538,360,48,11250,350
664,69,756000,521640,31,544,180,20,11500,0
671,70,773000,541100,30,550,240,21,11750,0
678,71,790000,560900,29,556,300,22,12000,0
685,72,807000,581040,28,555,360,23,12250,50
692,73,824000,601520,27,561,180,24,12500,100
699,74,841000,622340,26,567,240,25,12750,150
706,75,858000,643500,25,573,300,26,13000,250
713,76,875000,665000,24,579,360,27,13250,350
720,77,892000,686840,23,585,180,28,13500,0
727,78,909000,709020,22,591,240,29,13750,0
734,79,926000,731540,21,590,300,30,14000,0
741,80,943000,754400,20,596,360,31,14250,50
748,81,960000,777600,19,602,180,32,14500,100
755,82,977000,801140,18,608,240,33,14750,150
762,83,194000,161020,17,614,300,34,15000,250
769,84,211000,177240,16,620,360,35,15250,350
776,85,228000,193800,15,626,180,36,15500,0
783,86,245000,210700,14,625,240,37,15750,0
790,87,262000,227940,13,631,300,38,16000,0
797,88,279000,245520,12,637,360,39,16250,50
603,89,296000,263440,11,643,180,40,16500,100
610,90,313000,281700,10,649,240,41,16750,150
617,91,330000,300300,9,655,300,42,17000,250
624,92,347000,319240,8,661,360,43,17250,350
631,93,364000,338520,7,660,180,44,3500,0
638,94,381000,358140,6,666,240,45,3750,0
645,95,398000,378100,5,672,300,46,4000,0
652,96,415000,398400,4,678,360,47,4250,50
659,97,432000,419040,3,684,180,48,4500,100
666,65,449000,291850,35,690,240,20,4750,150
673,66,466000,307560,34,696,300,21,5000,250
680,67,483000,323610,33,695,360,22,5250,350
687,68,500000,340000,32,701,180,23,5500,
694,69,517000,356730,31,707,240,24,5750,0
701,70,534000,373800,30,713,300,25,6000,0
708,71,551000,391210,29,719,360,26,6250,50
715,72,568000,408960,28,725,180,27,6500,100
722,73,585000,427050,27,731,240,28,6750,150
729,74,602000,445480,26,730,300,29,7000,250
736,75,619000,464250,25,736,360,30,7250,350
743,76,636000,483360,24,742,180,31,7500,0
750,77,653000,502810,23,748,240,32,7750,0
757,78,670000,522600,22,754,300,33,8000,0
764,79,687000,542730,21,760,360,34,8250,50
771,80,704000,563200,20,766,180,35,8500,100
778,81,721000,584010,19,765,240,36,8750,150
785,82,738000,605160,18,771,300,37,9000,250
792,83,755000,626650,17,777,360,38,9250,350
799,84,772000,648480,16,783,180,39,9500,0
605,85,789000,670650,15,789,240,40,9750,0
612,86,806000,693160,14,795,300,41,10000,0
619,87,823000,716010,13,451,360,42,10250,50
626,88,840000,739200,12,450,180,43,10500,100
633,89,857000,762730,11,456,240,44,10750,150
640,90,874000,786600,10,462,300,45,11000,250
647,91,891000,810810,9,468,360,46,11250,350
654,92,908000,835360,8,474,180,47,11500,0
661,93,925000,860250,7,480,240,48,11750,0
668,94,942000,885480,6,486,300,20,12000,0
675,95,959000,911050,5,485,360,21,12250,50
682,96,976000,936960,4,491,180,22,12500,100
689,97,193000,187210,3,497,240,23,12750,150
696,65,210000,136500,35,503,300,24,13000,250
703,66,227000,149820,34,509,360,25,13250,350
710,67,244000,163480,33,515,180,26,13500,0
717,68,261000,177480,32,521,240,27,13750,0
724,69,278000,191820,31,520,300,28,14000,0
731,70,295000,206500,30,526,360,29,14250,50
738,71,312000,221520,29,532,180,30,14500,100
745,72,329000,236880,28,538,240,31,14750,150
752,73,346000,252580,27,544,300,32,15000,250
759,74,363000,268620,26,550,360,33,15250,350
